event_id,customer_id,session_id,event_type,event_timestamp,page_url,device_type,loaded_at
12001,1079,sess_0001,page_view,2024-01-04 14:39:00,/,desktop,2026-08-03 22:31:00
12002,1079,sess_0001,product_view,2024-01-04 14:41:00,/products/3007,desktop,2026-08-03 22:42:00
12003,1034,sess_0002,page_view,2024-01-04 19:04:00,/,mobile,2026-08-03 22:53:00
12004,1034,sess_0002,product_view,2024-01-04 19:11:00,/products/3004,mobile,2026-08-03 23:04:00
12005,1034,sess_0002,add_to_cart,2024-01-04 19:10:00,/cart/3004,mobile,2026-08-03 23:15:00
12006,1056,sess_0003,page_view,2024-01-05 00:23:00,/,mobile,2026-08-03 23:26:00
12007,1056,sess_0003,product_view,2024-01-05 00:27:00,/products/3035,mobile,2026-08-03 23:37:00
12008,1080,,page_view,2024-01-05 05:32:00,/,desktop,2026-08-03 23:48:00
12009,1080,,product_view,2024-01-05 05:34:00,/products/3002,desktop,2026-08-03 23:59:00
12010,1080,,add_to_cart,2024-01-05 05:36:00,/cart/3002,desktop,2026-08-04 00:10:00
12011,1080,,checkout_start,2024-01-05 05:47:00,/checkout/start,desktop,2026-08-04 00:21:00
12012,1080,,checkout_complete,2024-01-05 05:52:00,/checkout/review,desktop,2026-08-04 00:32:00
12013,1019,sess_0005,page_view,2024-01-05 10:22:00,/,desktop,2026-08-04 00:43:00
12014,1019,sess_0005,product_view,2024-01-05 10:24:00,/products/3004,desktop,2026-08-04 00:54:00
12015,1019,sess_0005,add_to_cart,2024-01-05 10:28:00,/cart/3004,desktop,2026-08-04 01:05:00
12016,1019,sess_0005,checkout_start,2024-01-05 10:40:00,/checkout/start,desktop,2026-08-04 01:16:00
12017,1019,sess_0005,checkout_complete,2024-01-05 10:38:00,/checkout/review,desktop,2026-08-04 01:27:00
12018,1067,sess_0006,page_view,2024-01-05 15:17:00,/,mobile,2026-08-04 01:38:00
12019,1067,sess_0006,product_view,2024-01-05 15:20:00,/products/3028,mobile,2026-08-04 01:49:00
12020,1067,sess_0006,add_to_cart,2024-01-05 15:29:00,/cart/3028,mobile,2026-08-04 02:00:00
12021,1041,sess_0007,page_view,2024-01-05 20:15:00,/,mobile,2026-08-04 02:11:00
12022,1041,sess_0007,product_view,2024-01-05 20:18:00,/products/3008,mobile,2026-08-04 02:22:00
12023,1041,sess_0007,add_to_cart,2024-01-05 20:25:00,/cart/3008,mobile,2026-08-04 02:33:00
12024,1041,sess_0007,checkout_start,2024-01-05 20:27:00,/checkout/start,mobile,2026-08-04 02:44:00
12025,1041,sess_0007,checkout_complete,2024-01-05 20:35:00,/checkout/review,mobile,2026-08-04 02:55:00
12026,1041,sess_0007,purchase,2024-01-05 20:50:00,/checkout/success,mobile,2026-08-04 03:06:00
12027,1011,sess_0008,page_view,2024-01-06 01:18:00,/,desktop,2026-08-04 03:17:00
12028,1011,sess_0008,product_view,2024-01-06 01:20:00,/products/3038,desktop,2026-08-04 03:28:00
12029,1068,sess_0009,page_view,2024-01-06 06:12:00,/,desktop,2026-08-04 03:39:00
12030,1068,sess_0009,product_view,2024-01-06 06:14:00,/products/3017,desktop,2026-08-04 03:50:00
12031,1068,sess_0009,add_to_cart,2024-01-06 06:20:00,/cart/3017,desktop,2026-08-04 04:01:00
12032,1060,sess_0010,page_view,2024-01-06 11:16:00,/,mobile,2026-08-04 04:12:00
12033,1060,sess_0010,product_view,2024-01-06 11:21:00,/products/3012,mobile,2026-08-04 04:23:00
12034,1009,sess_0011,page_view,2024-01-06 16:43:00,/,desktop,2026-08-04 04:34:00
12035,1009,sess_0011,product_view,2024-01-06 16:46:00,/products/3016,desktop,2026-08-04 04:45:00
12036,1009,sess_0011,add_to_cart,2024-01-06 16:51:00,/cart/3016,desktop,2026-08-04 04:56:00
12037,1009,sess_0011,checkout_start,2024-01-06 17:04:00,/checkout/start,desktop,2026-08-04 05:07:00
12038,1009,sess_0011,checkout_complete,2024-01-06 16:51:00,/checkout/review,desktop,2026-08-04 05:18:00
12039,1009,sess_0011,purchase,2024-01-06 17:18:00,/checkout/success,desktop,2026-08-04 05:29:00
12040,1013,sess_0012,page_view,2024-01-06 21:31:00,/,desktop,2026-08-04 05:40:00
12041,1013,sess_0012,product_view,2024-01-06 21:33:00,/products/3034,desktop,2026-08-04 05:51:00
12042,1081,sess_0013,page_view,2024-01-07 02:10:00,/,desktop,2026-08-04 06:02:00
12043,1081,sess_0013,product_view,2024-01-07 02:16:00,/products/3025,desktop,2026-08-04 06:13:00
12044,1081,sess_0013,add_to_cart,2024-01-07 02:24:00,/cart/3025,desktop,2026-08-04 06:24:00
12045,1081,sess_0013,checkout_start,2024-01-07 02:28:00,/checkout/start,desktop,2026-08-04 06:35:00
12046,1081,sess_0013,checkout_complete,2024-01-07 02:18:00,/checkout/review,desktop,2026-08-04 06:46:00
12047,1064,sess_0014,page_view,2024-01-07 07:23:00,/,mobile,2026-08-04 06:57:00
12048,1064,sess_0014,product_view,2024-01-07 07:27:00,/products/3049,mobile,2026-08-04 07:08:00
12049,1064,sess_0014,add_to_cart,2024-01-07 07:37:00,/cart/3049,mobile,2026-08-04 07:19:00
12050,1064,sess_0015,page_view,2024-01-07 12:23:00,/,mobile,2026-08-04 07:30:00
12051,1059,sess_0016,page_view,2024-01-07 17:03:00,/,desktop,2026-08-04 07:41:00
12052,1059,sess_0016,product_view,2024-01-07 17:09:00,/products/3042,desktop,2026-08-04 07:52:00
12053,1059,sess_0016,add_to_cart,2024-01-07 17:11:00,/cart/3042,desktop,2026-08-04 08:03:00
12054,1085,sess_0017,page_view,2024-01-07 22:10:00,/,desktop,2026-08-04 08:14:00
12055,1061,sess_0018,page_view,2024-01-08 03:31:00,/,mobile,2026-08-04 08:25:00
12056,1061,sess_0018,product_view,2024-01-08 03:33:00,/products/3043,mobile,2026-08-04 08:36:00
12057,1061,sess_0018,add_to_cart,2024-01-08 03:43:00,/cart/3043,mobile,2026-08-04 08:47:00
12058,1042,,page_view,2024-01-08 08:22:00,/,desktop,2026-08-04 08:58:00
12059,1042,,product_view,2024-01-08 08:24:00,/products/3040,desktop,2026-08-04 09:09:00
12060,1042,,add_to_cart,2024-01-08 08:36:00,/cart/3040,desktop,2026-08-04 09:20:00
12061,1060,sess_0020,page_view,2024-01-08 13:26:00,/,desktop,2026-08-04 09:31:00
12062,1025,sess_0021,page_view,2024-01-08 18:26:00,/,mobile,2026-08-04 09:42:00
12063,1053,sess_0022,page_view,2024-01-08 23:32:00,/,mobile,2026-08-04 09:53:00
12064,1053,sess_0022,product_view,2024-01-08 23:38:00,/products/3020,mobile,2026-08-04 10:04:00
12065,1027,sess_0023,page_view,2024-01-09 04:27:00,/,desktop,2026-08-04 10:15:00
12066,1027,sess_0023,product_view,2024-01-09 04:30:00,/products/3034,desktop,2026-08-04 10:26:00
12067,1027,sess_0023,add_to_cart,2024-01-09 04:37:00,/cart/3034,desktop,2026-08-04 10:37:00
12068,1027,sess_0023,checkout_start,2024-01-09 04:33:00,/checkout/start,desktop,2026-08-04 10:48:00
12069,1027,sess_0023,checkout_complete,2024-01-09 04:47:00,/checkout/review,desktop,2026-08-04 10:59:00
12070,1027,sess_0023,purchase,2024-01-09 04:37:00,/checkout/success,desktop,2026-08-04 11:10:00
12071,1083,sess_0024,page_view,2024-01-09 09:33:00,/,desktop,2026-08-04 11:21:00
12072,1069,sess_0025,page_view,2024-01-09 14:07:00,/,mobile,2026-08-04 11:32:00
12073,1069,sess_0025,product_view,2024-01-09 14:12:00,/products/3007,mobile,2026-08-04 11:43:00
12074,1069,sess_0025,add_to_cart,2024-01-09 14:11:00,/cart/3007,mobile,2026-08-04 11:54:00
12075,1069,sess_0025,checkout_start,2024-01-09 14:16:00,/checkout/start,mobile,2026-08-04 12:05:00
12076,1069,sess_0025,checkout_complete,2024-01-09 14:31:00,/checkout/review,mobile,2026-08-04 12:16:00
12077,1069,sess_0025,purchase,2024-01-09 14:17:00,/checkout/success,mobile,2026-08-04 12:27:00
12078,1085,sess_0026,page_view,2024-01-09 19:39:00,/,mobile,2026-08-04 12:38:00
12079,1040,sess_0027,page_view,2024-01-10 00:19:00,/,mobile,2026-08-04 12:49:00
12080,1085,sess_0028,page_view,2024-01-10 05:12:00,/,desktop,2026-08-04 13:00:00
12081,1076,sess_0029,page_view,2024-01-10 10:12:00,/,mobile,2026-08-04 13:11:00
12082,1076,sess_0029,product_view,2024-01-10 10:19:00,/products/3048,mobile,2026-08-04 13:22:00
12083,1016,sess_0030,page_view,2024-01-10 15:02:00,/,mobile,2026-08-04 13:33:00
12084,1078,sess_0031,page_view,2024-01-10 20:25:00,/,desktop,2026-08-04 13:44:00
12085,1078,sess_0031,product_view,2024-01-10 20:30:00,/products/3032,desktop,2026-08-04 13:55:00
12086,1026,sess_0032,page_view,2024-01-11 01:20:00,/,mobile,2026-08-04 14:06:00
12087,1026,sess_0032,product_view,2024-01-11 01:26:00,/products/3020,mobile,2026-08-04 14:17:00
12088,1052,sess_0033,page_view,2024-01-11 06:13:00,/,desktop,2026-08-04 14:28:00
12089,1052,sess_0033,product_view,2024-01-11 06:16:00,/products/3022,desktop,2026-08-04 14:39:00
12090,1052,sess_0033,add_to_cart,2024-01-11 06:19:00,/cart/3022,desktop,2026-08-04 14:50:00
12091,1031,sess_0034,page_view,2024-01-11 11:25:00,/,mobile,2026-08-04 15:01:00
12092,1034,sess_0035,page_view,2024-01-11 16:22:00,/,mobile,2026-08-04 15:12:00
12093,1064,sess_0036,page_view,2024-01-11 21:22:00,/,mobile,2026-08-04 15:23:00
12094,1043,,page_view,2024-01-12 02:18:00,/,mobile,2026-08-04 15:34:00
12095,1043,,product_view,2024-01-12 02:20:00,/products/3022,mobile,2026-08-04 15:45:00
12096,1043,,add_to_cart,2024-01-12 02:32:00,/cart/3022,mobile,2026-08-04 15:56:00
12097,1043,,checkout_start,2024-01-12 02:27:00,/checkout/start,mobile,2026-08-04 16:07:00
12098,1043,,checkout_complete,2024-01-12 02:26:00,/checkout/review,mobile,2026-08-04 16:18:00
12099,1012,sess_0038,page_view,2024-01-12 07:03:00,/,mobile,2026-08-04 16:29:00
12100,1012,sess_0038,product_view,2024-01-12 07:10:00,/products/3021,mobile,2026-08-04 16:40:00
12101,1012,sess_0038,add_to_cart,2024-01-12 07:11:00,/cart/3021,mobile,2026-08-04 16:51:00
12102,1012,sess_0038,checkout_start,2024-01-12 07:12:00,/checkout/start,mobile,2026-08-04 17:02:00
12103,1012,sess_0038,checkout_complete,2024-01-12 07:11:00,/checkout/review,mobile,2026-08-04 17:13:00
12104,1012,sess_0038,purchase,2024-01-12 07:33:00,/checkout/success,mobile,2026-08-04 17:24:00
12105,1039,sess_0039,page_view,2024-01-12 12:01:00,/,desktop,2026-08-04 17:35:00
12106,1039,sess_0039,product_view,2024-01-12 12:06:00,/products/3041,desktop,2026-08-04 17:46:00
12107,1039,sess_0039,add_to_cart,2024-01-12 12:11:00,/cart/3041,desktop,2026-08-04 17:57:00
12108,1039,sess_0039,checkout_start,2024-01-12 12:10:00,/checkout/start,desktop,2026-08-04 18:08:00
12109,1039,sess_0039,checkout_complete,2024-01-12 12:25:00,/checkout/review,desktop,2026-08-04 18:19:00
12110,1039,sess_0039,purchase,2024-01-12 12:16:00,/checkout/success,desktop,2026-08-04 18:30:00
12111,1042,sess_0040,page_view,2024-01-12 17:38:00,/,desktop,2026-08-04 18:41:00
12112,1009,sess_0041,page_view,2024-01-12 22:18:00,/,desktop,2026-08-04 18:52:00
12113,1053,sess_0042,page_view,2024-01-13 03:38:00,/,desktop,2026-08-04 19:03:00
12114,1053,sess_0042,product_view,2024-01-13 03:41:00,/products/3039,desktop,2026-08-04 19:14:00
12115,1032,sess_0043,page_view,2024-01-13 08:40:00,/,desktop,2026-08-04 19:25:00
12116,1071,sess_0044,page_view,2024-01-13 13:33:00,/,desktop,2026-08-04 19:36:00
12117,1071,sess_0044,product_view,2024-01-13 13:35:00,/products/3005,desktop,2026-08-04 19:47:00
12118,1013,sess_0045,page_view,2024-01-13 18:34:00,/,mobile,2026-08-04 19:58:00
12119,1013,sess_0045,product_view,2024-01-13 18:41:00,/products/3018,mobile,2026-08-04 20:09:00
12120,1013,sess_0045,add_to_cart,2024-01-13 18:42:00,/cart/3018,mobile,2026-08-04 20:20:00
12121,1013,sess_0045,checkout_start,2024-01-13 18:43:00,/checkout/start,mobile,2026-08-04 20:31:00
12122,1013,sess_0045,checkout_complete,2024-01-13 18:50:00,/checkout/review,mobile,2026-08-04 20:42:00
12123,1013,sess_0045,purchase,2024-01-13 18:49:00,/checkout/success,mobile,2026-08-04 20:53:00
12124,1040,sess_0046,page_view,2024-01-13 23:00:00,/,mobile,2026-08-04 21:04:00
12125,1026,sess_0047,page_view,2024-01-14 04:31:00,/,mobile,2026-08-04 21:15:00
12126,1026,sess_0047,product_view,2024-01-14 04:34:00,/products/3006,mobile,2026-08-04 21:26:00
12127,1057,sess_0048,page_view,2024-01-14 09:25:00,/,desktop,2026-08-04 21:37:00
12128,1058,sess_0049,page_view,2024-01-14 14:21:00,/,mobile,2026-08-04 21:48:00
12129,1058,sess_0049,product_view,2024-01-14 14:23:00,/products/3016,mobile,2026-08-04 21:59:00
12130,1058,sess_0049,add_to_cart,2024-01-14 14:35:00,/cart/3016,mobile,2026-08-04 22:10:00
12131,1058,sess_0049,checkout_start,2024-01-14 14:30:00,/checkout/start,mobile,2026-08-04 22:21:00
12132,1058,sess_0049,checkout_complete,2024-01-14 14:37:00,/checkout/review,mobile,2026-08-04 22:32:00
12133,1058,sess_0049,purchase,2024-01-14 14:46:00,/checkout/success,mobile,2026-08-04 22:43:00
12134,1020,sess_0050,page_view,2024-01-14 19:41:00,/,desktop,2026-08-04 22:54:00
12135,1020,sess_0050,product_view,2024-01-14 19:44:00,/products/3034,desktop,2026-08-04 23:05:00
12136,1049,sess_0051,page_view,2024-01-15 00:44:00,/,desktop,2026-08-04 23:16:00
12137,1084,sess_0052,page_view,2024-01-15 05:04:00,/,desktop,2026-08-04 23:27:00
12138,1082,sess_0053,page_view,2024-01-15 10:21:00,/,mobile,2026-08-04 23:38:00
12139,1082,sess_0053,product_view,2024-01-15 10:26:00,/products/3041,mobile,2026-08-04 23:49:00
12140,1082,sess_0053,add_to_cart,2024-01-15 10:35:00,/cart/3041,mobile,2026-08-05 00:00:00
12141,1010,,page_view,2024-01-15 15:11:00,/,mobile,2026-08-05 00:11:00
12142,1010,,product_view,2024-01-15 15:15:00,/products/3050,mobile,2026-08-05 00:22:00
12143,1010,,add_to_cart,2024-01-15 15:21:00,/cart/3050,mobile,2026-08-05 00:33:00
12144,1053,sess_0055,page_view,2024-01-15 20:14:00,/,desktop,2026-08-05 00:44:00
12145,1053,sess_0055,product_view,2024-01-15 20:16:00,/products/3037,desktop,2026-08-05 00:55:00
12146,1030,sess_0056,page_view,2024-01-16 01:41:00,/,mobile,2026-08-05 01:06:00
12147,1030,sess_0056,product_view,2024-01-16 01:48:00,/products/3002,mobile,2026-08-05 01:17:00
12148,1030,sess_0056,add_to_cart,2024-01-16 01:53:00,/cart/3002,mobile,2026-08-05 01:28:00
12149,1013,sess_0057,page_view,2024-01-16 06:09:00,/,mobile,2026-08-05 01:39:00
12150,1013,sess_0057,product_view,2024-01-16 06:15:00,/products/3048,mobile,2026-08-05 01:50:00
12151,1006,sess_0058,page_view,2024-01-16 11:18:00,/,desktop,2026-08-05 02:01:00
12152,1006,sess_0058,product_view,2024-01-16 11:20:00,/products/3012,desktop,2026-08-05 02:12:00
12153,1006,sess_0058,add_to_cart,2024-01-16 11:28:00,/cart/3012,desktop,2026-08-05 02:23:00
12154,1006,sess_0058,checkout_start,2024-01-16 11:39:00,/checkout/start,desktop,2026-08-05 02:34:00
12155,1006,sess_0058,checkout_complete,2024-01-16 11:38:00,/checkout/review,desktop,2026-08-05 02:45:00
12156,1006,sess_0058,purchase,2024-01-16 11:48:00,/checkout/success,desktop,2026-08-05 02:56:00
12157,1024,sess_0059,page_view,2024-01-16 16:38:00,/,desktop,2026-08-05 03:07:00
12158,1024,sess_0059,product_view,2024-01-16 16:43:00,/products/3016,desktop,2026-08-05 03:18:00
12159,1023,sess_0060,page_view,2024-01-16 21:07:00,/,desktop,2026-08-05 03:29:00
12160,1023,sess_0060,product_view,2024-01-16 21:09:00,/products/3001,desktop,2026-08-05 03:40:00
12161,1015,sess_0061,page_view,2024-01-17 02:26:00,/,desktop,2026-08-05 03:51:00
12162,1015,sess_0061,product_view,2024-01-17 02:29:00,/products/3017,desktop,2026-08-05 04:02:00
12163,1015,sess_0061,add_to_cart,2024-01-17 02:30:00,/cart/3017,desktop,2026-08-05 04:13:00
12164,1015,sess_0061,checkout_start,2024-01-17 02:38:00,/checkout/start,desktop,2026-08-05 04:24:00
12165,1015,sess_0061,checkout_complete,2024-01-17 02:50:00,/checkout/review,desktop,2026-08-05 04:35:00
12166,1015,sess_0061,purchase,2024-01-17 02:56:00,/checkout/success,desktop,2026-08-05 04:46:00
12167,1024,sess_0062,page_view,2024-01-17 07:34:00,/,mobile,2026-08-05 04:57:00
12168,1024,sess_0062,product_view,2024-01-17 07:40:00,/products/3033,mobile,2026-08-05 05:08:00
12169,1066,sess_0063,page_view,2024-01-17 12:04:00,/,mobile,2026-08-05 05:19:00
12170,1066,sess_0063,product_view,2024-01-17 12:11:00,/products/3028,mobile,2026-08-05 05:30:00
12171,1066,sess_0063,add_to_cart,2024-01-17 12:10:00,/cart/3028,mobile,2026-08-05 05:41:00
12172,1066,sess_0063,checkout_start,2024-01-17 12:25:00,/checkout/start,mobile,2026-08-05 05:52:00
12173,1066,sess_0063,checkout_complete,2024-01-17 12:32:00,/checkout/review,mobile,2026-08-05 06:03:00
12174,1066,sess_0063,purchase,2024-01-17 12:24:00,/checkout/success,mobile,2026-08-05 06:14:00
12175,1026,sess_0064,page_view,2024-01-17 17:45:00,/,desktop,2026-08-05 06:25:00
12176,1026,sess_0064,product_view,2024-01-17 17:52:00,/products/3017,desktop,2026-08-05 06:36:00
12177,1026,sess_0064,add_to_cart,2024-01-17 17:57:00,/cart/3017,desktop,2026-08-05 06:47:00
12178,1026,sess_0064,checkout_start,2024-01-17 17:51:00,/checkout/start,desktop,2026-08-05 06:58:00
12179,1026,sess_0064,checkout_complete,2024-01-17 17:53:00,/checkout/review,desktop,2026-08-05 07:09:00
12180,1049,sess_0065,page_view,2024-01-17 22:31:00,/,mobile,2026-08-05 07:20:00
12181,1049,sess_0065,product_view,2024-01-17 22:37:00,/products/3045,mobile,2026-08-05 07:31:00
12182,1049,sess_0065,add_to_cart,2024-01-17 22:45:00,/cart/3045,mobile,2026-08-05 07:42:00
12183,1049,sess_0065,checkout_start,2024-01-17 22:40:00,/checkout/start,mobile,2026-08-05 07:53:00
12184,1049,sess_0065,checkout_complete,2024-01-17 22:51:00,/checkout/review,mobile,2026-08-05 08:04:00
12185,1049,sess_0065,purchase,2024-01-17 22:41:00,/checkout/success,mobile,2026-08-05 08:15:00
12186,1074,sess_0066,page_view,2024-01-18 03:41:00,/,desktop,2026-08-05 08:26:00
12187,1039,sess_0067,page_view,2024-01-18 08:41:00,/,mobile,2026-08-05 08:37:00
12188,1039,sess_0067,product_view,2024-01-18 08:46:00,/products/3046,mobile,2026-08-05 08:48:00
12189,1039,sess_0067,add_to_cart,2024-01-18 08:53:00,/cart/3046,mobile,2026-08-05 08:59:00
12190,1039,sess_0067,checkout_start,2024-01-18 08:59:00,/checkout/start,mobile,2026-08-05 09:10:00
12191,1039,sess_0067,checkout_complete,2024-01-18 09:05:00,/checkout/review,mobile,2026-08-05 09:21:00
12192,1027,sess_0068,page_view,2024-01-18 13:15:00,/,desktop,2026-08-05 09:32:00
12193,1027,sess_0068,product_view,2024-01-18 13:21:00,/products/3030,desktop,2026-08-05 09:43:00
12194,1007,sess_0069,page_view,2024-01-18 18:35:00,/,mobile,2026-08-05 09:54:00
12195,1007,sess_0069,product_view,2024-01-18 18:37:00,/products/3007,mobile,2026-08-05 10:05:00
12196,1007,sess_0069,add_to_cart,2024-01-18 18:49:00,/cart/3007,mobile,2026-08-05 10:16:00
12197,1007,sess_0069,checkout_start,2024-01-18 18:44:00,/checkout/start,mobile,2026-08-05 10:27:00
12198,1007,sess_0069,checkout_complete,2024-01-18 18:43:00,/checkout/review,mobile,2026-08-05 10:38:00
12199,1030,sess_0070,page_view,2024-01-18 23:42:00,/,mobile,2026-08-05 10:49:00
12200,1044,sess_0071,page_view,2024-01-19 04:17:00,/,desktop,2026-08-05 11:00:00
12201,1044,sess_0071,product_view,2024-01-19 04:22:00,/products/3005,desktop,2026-08-05 11:11:00
12202,1044,sess_0071,add_to_cart,2024-01-19 04:29:00,/cart/3005,desktop,2026-08-05 11:22:00
12203,1044,sess_0071,checkout_start,2024-01-19 04:23:00,/checkout/start,desktop,2026-08-05 11:33:00
12204,1044,sess_0071,checkout_complete,2024-01-19 04:37:00,/checkout/review,desktop,2026-08-05 11:44:00
12205,1044,sess_0071,purchase,2024-01-19 04:32:00,/checkout/success,desktop,2026-08-05 11:55:00
12206,1022,,page_view,2024-01-19 09:42:00,/,desktop,2026-08-05 12:06:00
12207,1022,,product_view,2024-01-19 09:46:00,/products/3002,desktop,2026-08-05 12:17:00
12208,1022,,add_to_cart,2024-01-19 09:46:00,/cart/3002,desktop,2026-08-05 12:28:00
12209,1042,sess_0073,page_view,2024-01-19 14:27:00,/,mobile,2026-08-05 12:39:00
12210,1006,sess_0074,page_view,2024-01-19 19:00:00,/,desktop,2026-08-05 12:50:00
12211,1006,sess_0074,product_view,2024-01-19 19:03:00,/products/3039,desktop,2026-08-05 13:01:00
12212,1006,sess_0074,add_to_cart,2024-01-19 19:06:00,/cart/3039,desktop,2026-08-05 13:12:00
12213,1048,sess_0075,page_view,2024-01-20 00:26:00,/,mobile,2026-08-05 13:23:00
12214,1048,sess_0075,product_view,2024-01-20 00:32:00,/products/3035,mobile,2026-08-05 13:34:00
12215,1048,sess_0075,add_to_cart,2024-01-20 00:30:00,/cart/3035,mobile,2026-08-05 13:45:00
12216,1048,sess_0075,checkout_start,2024-01-20 00:38:00,/checkout/start,mobile,2026-08-05 13:56:00
12217,1048,sess_0075,checkout_complete,2024-01-20 00:46:00,/checkout/review,mobile,2026-08-05 14:07:00
12218,1048,sess_0075,purchase,2024-01-20 01:01:00,/checkout/success,mobile,2026-08-05 14:18:00
12219,1064,sess_0076,page_view,2024-01-20 05:38:00,/,mobile,2026-08-05 14:29:00
12220,1039,sess_0077,page_view,2024-01-20 10:30:00,/,mobile,2026-08-05 14:40:00
12221,1039,sess_0077,product_view,2024-01-20 10:34:00,/products/3013,mobile,2026-08-05 14:51:00
12222,1068,sess_0078,page_view,2024-01-20 15:27:00,/,desktop,2026-08-05 15:02:00
12223,1006,sess_0079,page_view,2024-01-20 20:45:00,/,desktop,2026-08-05 15:13:00
12224,1006,sess_0079,product_view,2024-01-20 20:52:00,/products/3027,desktop,2026-08-05 15:24:00
12225,1006,sess_0079,add_to_cart,2024-01-20 20:55:00,/cart/3027,desktop,2026-08-05 15:35:00
12226,1006,sess_0079,checkout_start,2024-01-20 20:51:00,/checkout/start,desktop,2026-08-05 15:46:00
12227,1006,sess_0079,checkout_complete,2024-01-20 21:05:00,/checkout/review,desktop,2026-08-05 15:57:00
12228,1022,sess_0080,page_view,2024-01-21 01:09:00,/,mobile,2026-08-05 16:08:00
12229,1040,sess_0081,page_view,2024-01-21 06:39:00,/,mobile,2026-08-05 16:19:00
12230,1053,sess_0082,page_view,2024-01-21 11:31:00,/,mobile,2026-08-05 16:30:00
12231,1053,sess_0082,product_view,2024-01-21 11:35:00,/products/3020,mobile,2026-08-05 16:41:00
12232,1053,sess_0082,add_to_cart,2024-01-21 11:43:00,/cart/3020,mobile,2026-08-05 16:52:00
12233,1053,sess_0082,checkout_start,2024-01-21 11:52:00,/checkout/start,mobile,2026-08-05 17:03:00
12234,1053,sess_0082,checkout_complete,2024-01-21 11:43:00,/checkout/review,mobile,2026-08-05 17:14:00
12235,1028,sess_0083,page_view,2024-01-21 16:14:00,/,desktop,2026-08-05 17:25:00
12236,1028,sess_0083,product_view,2024-01-21 16:16:00,/products/3029,desktop,2026-08-05 17:36:00
12237,1028,sess_0083,add_to_cart,2024-01-21 16:26:00,/cart/3029,desktop,2026-08-05 17:47:00
12238,1028,sess_0083,checkout_start,2024-01-21 16:23:00,/checkout/start,desktop,2026-08-05 17:58:00
12239,1028,sess_0083,checkout_complete,2024-01-21 16:38:00,/checkout/review,desktop,2026-08-05 18:09:00
12240,1028,sess_0083,purchase,2024-01-21 16:44:00,/checkout/success,desktop,2026-08-05 18:20:00
12241,1033,sess_0084,page_view,2024-01-21 21:45:00,/,mobile,2026-08-05 18:31:00
12242,1033,sess_0084,product_view,2024-01-21 21:50:00,/products/3034,mobile,2026-08-05 18:42:00
12243,1033,sess_0084,add_to_cart,2024-01-21 21:53:00,/cart/3034,mobile,2026-08-05 18:53:00
12244,1011,sess_0085,page_view,2024-01-22 02:43:00,/,desktop,2026-08-05 19:04:00
12245,1060,sess_0086,page_view,2024-01-22 07:12:00,/,desktop,2026-08-05 19:15:00
12246,1060,sess_0086,product_view,2024-01-22 07:16:00,/products/3013,desktop,2026-08-05 19:26:00
12247,1060,sess_0086,add_to_cart,2024-01-22 07:24:00,/cart/3013,desktop,2026-08-05 19:37:00
12248,1060,sess_0086,checkout_start,2024-01-22 07:33:00,/checkout/start,desktop,2026-08-05 19:48:00
12249,1060,sess_0086,checkout_complete,2024-01-22 07:24:00,/checkout/review,desktop,2026-08-05 19:59:00
12250,1068,sess_0087,page_view,2024-01-22 12:00:00,/,desktop,2026-08-05 20:10:00
12251,1050,,page_view,2024-01-22 17:36:00,/,desktop,2026-08-05 20:21:00
12252,1050,,product_view,2024-01-22 17:41:00,/products/3049,desktop,2026-08-05 20:32:00
12253,1053,sess_0089,page_view,2024-01-22 22:27:00,/,mobile,2026-08-05 20:43:00
12254,1008,sess_0090,page_view,2024-01-23 03:20:00,/,desktop,2026-08-05 20:54:00
12255,1024,sess_0091,page_view,2024-01-23 08:20:00,/,mobile,2026-08-05 21:05:00
12256,1024,sess_0091,product_view,2024-01-23 08:22:00,/products/3021,mobile,2026-08-05 21:16:00
12257,1024,sess_0091,add_to_cart,2024-01-23 08:32:00,/cart/3021,mobile,2026-08-05 21:27:00
12258,1014,sess_0092,page_view,2024-01-23 13:02:00,/,desktop,2026-08-05 21:38:00
12259,1014,sess_0092,product_view,2024-01-23 13:05:00,/products/3013,desktop,2026-08-05 21:49:00
12260,1028,sess_0093,page_view,2024-01-23 18:13:00,/,desktop,2026-08-05 22:00:00
12261,1028,sess_0093,product_view,2024-01-23 18:18:00,/products/3008,desktop,2026-08-05 22:11:00
12262,1014,sess_0094,page_view,2024-01-23 23:18:00,/,mobile,2026-08-05 22:22:00
12263,1084,sess_0095,page_view,2024-01-24 04:20:00,/,mobile,2026-08-05 22:33:00
12264,1084,sess_0095,product_view,2024-01-24 04:22:00,/products/3038,mobile,2026-08-05 22:44:00
12265,1084,sess_0095,add_to_cart,2024-01-24 04:34:00,/cart/3038,mobile,2026-08-05 22:55:00
12266,1084,sess_0095,checkout_start,2024-01-24 04:41:00,/checkout/start,mobile,2026-08-05 23:06:00
12267,1084,sess_0095,checkout_complete,2024-01-24 04:48:00,/checkout/review,mobile,2026-08-05 23:17:00
12268,1016,sess_0096,page_view,2024-01-24 09:14:00,/,mobile,2026-08-05 23:28:00
12269,1016,sess_0096,product_view,2024-01-24 09:17:00,/products/3043,mobile,2026-08-05 23:39:00
12270,1016,sess_0096,add_to_cart,2024-01-24 09:22:00,/cart/3043,mobile,2026-08-05 23:50:00
12271,1060,sess_0097,page_view,2024-01-24 14:43:00,/,desktop,2026-08-06 00:01:00
12272,1006,sess_0098,page_view,2024-01-24 19:36:00,/,desktop,2026-08-06 00:12:00
12273,1006,sess_0098,product_view,2024-01-24 19:43:00,/products/3047,desktop,2026-08-06 00:23:00
12274,1051,sess_0099,page_view,2024-01-25 00:25:00,/,desktop,2026-08-06 00:34:00
12275,1046,sess_0100,page_view,2024-01-25 05:14:00,/,mobile,2026-08-06 00:45:00
12276,1014,sess_0101,page_view,2024-01-25 10:40:00,/,mobile,2026-08-06 00:56:00
12277,1014,sess_0101,product_view,2024-01-25 10:43:00,/products/3036,mobile,2026-08-06 01:07:00
12278,1014,sess_0101,add_to_cart,2024-01-25 10:50:00,/cart/3036,mobile,2026-08-06 01:18:00
12279,1014,sess_0101,checkout_start,2024-01-25 11:01:00,/checkout/start,mobile,2026-08-06 01:29:00
12280,1014,sess_0101,checkout_complete,2024-01-25 10:48:00,/checkout/review,mobile,2026-08-06 01:40:00
12281,1034,sess_0102,page_view,2024-01-25 15:25:00,/,desktop,2026-08-06 01:51:00
12282,1070,sess_0103,page_view,2024-01-25 20:13:00,/,mobile,2026-08-06 02:02:00
12283,1070,sess_0103,product_view,2024-01-25 20:18:00,/products/3026,mobile,2026-08-06 02:13:00
12284,1070,sess_0103,add_to_cart,2024-01-25 20:25:00,/cart/3026,mobile,2026-08-06 02:24:00
12285,1070,sess_0103,checkout_start,2024-01-25 20:22:00,/checkout/start,mobile,2026-08-06 02:35:00
12286,1070,sess_0103,checkout_complete,2024-01-25 20:33:00,/checkout/review,mobile,2026-08-06 02:46:00
12287,1070,sess_0103,purchase,2024-01-25 20:23:00,/checkout/success,mobile,2026-08-06 02:57:00
12288,1044,sess_0104,page_view,2024-01-26 01:18:00,/,mobile,2026-08-06 03:08:00
12289,1044,sess_0104,product_view,2024-01-26 01:23:00,/products/3013,mobile,2026-08-06 03:19:00
12290,1023,sess_0105,page_view,2024-01-26 06:12:00,/,mobile,2026-08-06 03:30:00
12291,1023,sess_0105,product_view,2024-01-26 06:15:00,/products/3027,mobile,2026-08-06 03:41:00
12292,1023,sess_0105,add_to_cart,2024-01-26 06:22:00,/cart/3027,mobile,2026-08-06 03:52:00
12293,1023,sess_0105,checkout_start,2024-01-26 06:18:00,/checkout/start,mobile,2026-08-06 04:03:00
12294,1023,sess_0105,checkout_complete,2024-01-26 06:40:00,/checkout/review,mobile,2026-08-06 04:14:00
12295,1069,sess_0106,page_view,2024-01-26 11:06:00,/,desktop,2026-08-06 04:25:00
12296,1069,sess_0106,product_view,2024-01-26 11:08:00,/products/3019,desktop,2026-08-06 04:36:00
12297,1069,sess_0106,add_to_cart,2024-01-26 11:12:00,/cart/3019,desktop,2026-08-06 04:47:00
12298,1069,sess_0106,checkout_start,2024-01-26 11:24:00,/checkout/start,desktop,2026-08-06 04:58:00
12299,1069,sess_0106,checkout_complete,2024-01-26 11:34:00,/checkout/review,desktop,2026-08-06 05:09:00
12300,1027,sess_0107,page_view,2024-01-26 16:33:00,/,desktop,2026-08-06 05:20:00
12301,1027,sess_0107,product_view,2024-01-26 16:39:00,/products/3049,desktop,2026-08-06 05:31:00
12302,1058,sess_0108,page_view,2024-01-26 21:02:00,/,desktop,2026-08-06 05:42:00
12303,1058,sess_0108,product_view,2024-01-26 21:07:00,/products/3024,desktop,2026-08-06 05:53:00
12304,1050,sess_0109,page_view,2024-01-27 02:00:00,/,mobile,2026-08-06 06:04:00
12305,1050,sess_0109,product_view,2024-01-27 02:05:00,/products/3028,mobile,2026-08-06 06:15:00
12306,1050,sess_0109,add_to_cart,2024-01-27 02:04:00,/cart/3028,mobile,2026-08-06 06:26:00
12307,1050,sess_0109,checkout_start,2024-01-27 02:06:00,/checkout/start,mobile,2026-08-06 06:37:00
12308,1050,sess_0109,checkout_complete,2024-01-27 02:20:00,/checkout/review,mobile,2026-08-06 06:48:00
12309,1050,sess_0109,purchase,2024-01-27 02:30:00,/checkout/success,mobile,2026-08-06 06:59:00
12310,1012,sess_0110,page_view,2024-01-27 07:35:00,/,desktop,2026-08-06 07:10:00
12311,1079,sess_0111,page_view,2024-01-27 12:40:00,/,mobile,2026-08-06 07:21:00
12312,1079,sess_0111,product_view,2024-01-27 12:47:00,/products/3043,mobile,2026-08-06 07:32:00
12313,1079,sess_0111,add_to_cart,2024-01-27 12:44:00,/cart/3043,mobile,2026-08-06 07:43:00
12314,1079,sess_0111,checkout_start,2024-01-27 12:52:00,/checkout/start,mobile,2026-08-06 07:54:00
12315,1079,sess_0111,checkout_complete,2024-01-27 12:56:00,/checkout/review,mobile,2026-08-06 08:05:00
12316,1079,sess_0111,purchase,2024-01-27 13:00:00,/checkout/success,mobile,2026-08-06 08:16:00
12317,1062,sess_0112,page_view,2024-01-27 17:28:00,/,mobile,2026-08-06 08:27:00
12318,1020,sess_0113,page_view,2024-01-27 22:38:00,/,mobile,2026-08-06 08:38:00
12319,1052,sess_0114,page_view,2024-01-28 03:21:00,/,mobile,2026-08-06 08:49:00
12320,1052,sess_0114,product_view,2024-01-28 03:27:00,/products/3005,mobile,2026-08-06 09:00:00
12321,1052,sess_0114,add_to_cart,2024-01-28 03:25:00,/cart/3005,mobile,2026-08-06 09:11:00
12322,1052,sess_0114,checkout_start,2024-01-28 03:42:00,/checkout/start,mobile,2026-08-06 09:22:00
12323,1052,sess_0114,checkout_complete,2024-01-28 03:33:00,/checkout/review,mobile,2026-08-06 09:33:00
12324,1064,sess_0115,page_view,2024-01-28 08:31:00,/,mobile,2026-08-06 09:44:00
12325,1056,sess_0116,page_view,2024-01-28 13:26:00,/,desktop,2026-08-06 09:55:00
12326,1008,sess_0117,page_view,2024-01-28 18:12:00,/,mobile,2026-08-06 10:06:00
12327,1008,sess_0117,product_view,2024-01-28 18:19:00,/products/3036,mobile,2026-08-06 10:17:00
12328,1080,sess_0118,page_view,2024-01-28 23:44:00,/,mobile,2026-08-06 10:28:00
12329,1013,,page_view,2024-01-29 04:44:00,/,mobile,2026-08-06 10:39:00
12330,1013,,product_view,2024-01-29 04:49:00,/products/3029,mobile,2026-08-06 10:50:00
12331,1039,sess_0120,page_view,2024-01-29 09:31:00,/,mobile,2026-08-06 11:01:00
12332,1039,sess_0120,product_view,2024-01-29 09:38:00,/products/3013,mobile,2026-08-06 11:12:00
12333,1039,sess_0120,add_to_cart,2024-01-29 09:41:00,/cart/3013,mobile,2026-08-06 11:23:00
12334,1039,sess_0120,checkout_start,2024-01-29 09:37:00,/checkout/start,mobile,2026-08-06 11:34:00
12335,1039,sess_0120,checkout_complete,2024-01-29 09:51:00,/checkout/review,mobile,2026-08-06 11:45:00
12336,1039,sess_0120,purchase,2024-01-29 10:01:00,/checkout/success,mobile,2026-08-06 11:56:00
12337,1076,sess_0121,page_view,2024-01-29 14:10:00,/,mobile,2026-08-06 12:07:00
12338,1076,sess_0121,product_view,2024-01-29 14:14:00,/products/3039,mobile,2026-08-06 12:18:00
12339,1076,sess_0121,add_to_cart,2024-01-29 14:20:00,/cart/3039,mobile,2026-08-06 12:29:00
12340,1057,sess_0122,page_view,2024-01-29 19:27:00,/,mobile,2026-08-06 12:40:00
12341,1030,sess_0123,page_view,2024-01-30 00:05:00,/,mobile,2026-08-06 12:51:00
12342,1038,sess_0124,page_view,2024-01-30 05:34:00,/,mobile,2026-08-06 13:02:00
12343,1038,sess_0124,product_view,2024-01-30 05:41:00,/products/3042,mobile,2026-08-06 13:13:00
12344,1041,sess_0125,page_view,2024-01-30 10:24:00,/,mobile,2026-08-06 13:24:00
12345,1041,sess_0125,product_view,2024-01-30 10:30:00,/products/3035,mobile,2026-08-06 13:35:00
12346,1041,sess_0125,add_to_cart,2024-01-30 10:32:00,/cart/3035,mobile,2026-08-06 13:46:00
12347,1073,sess_0126,page_view,2024-01-30 15:38:00,/,mobile,2026-08-06 13:57:00
12348,1056,sess_0127,page_view,2024-01-30 20:24:00,/,desktop,2026-08-06 14:08:00
12349,1056,sess_0127,product_view,2024-01-30 20:27:00,/products/3030,desktop,2026-08-06 14:19:00
12350,1056,sess_0127,add_to_cart,2024-01-30 20:30:00,/cart/3030,desktop,2026-08-06 14:30:00
12351,1017,sess_0128,page_view,2024-01-31 01:07:00,/,mobile,2026-08-06 14:41:00
12352,1017,sess_0128,product_view,2024-01-31 01:14:00,/products/3031,mobile,2026-08-06 14:52:00
12353,1017,sess_0128,add_to_cart,2024-01-31 01:19:00,/cart/3031,mobile,2026-08-06 15:03:00
12354,1049,sess_0129,page_view,2024-01-31 06:25:00,/,mobile,2026-08-06 15:14:00
12355,1049,sess_0129,product_view,2024-01-31 06:32:00,/products/3007,mobile,2026-08-06 15:25:00
12356,1049,sess_0129,add_to_cart,2024-01-31 06:37:00,/cart/3007,mobile,2026-08-06 15:36:00
12357,1049,sess_0129,checkout_start,2024-01-31 06:37:00,/checkout/start,mobile,2026-08-06 15:47:00
12358,1049,sess_0129,checkout_complete,2024-01-31 06:41:00,/checkout/review,mobile,2026-08-06 15:58:00
12359,1049,sess_0129,purchase,2024-01-31 06:35:00,/checkout/success,mobile,2026-08-06 16:09:00
12360,1080,sess_0130,page_view,2024-01-31 11:45:00,/,desktop,2026-08-06 16:20:00
